game           , random , human    , efficientzero_v1, efficientzero_v2
alien          , 227.8  ,  7127.7  ,          808.5  ,         1557.7
amidar         , 5.8    ,  1719.5  ,          148.6  ,          184.9
assault        , 222.4  ,   742.0  ,         1263.1  ,         1757.5
asterix        , 210.0  ,  8503.3  ,        25557.8  ,        61810.0
bank-heist     , 14.2   ,   753.1  ,          351.0  ,         1316.7
battle-zone    , 2360.0 , 37187.5  ,        13871.2  ,        14433.3
boxing         , 0.1    ,    12.1  ,           52.7  ,           75.0
breakout       , 1.7    ,    30.5  ,          414.1  ,          400.1
chopper-command, 811.0  ,  7387.8  ,         1117.3  ,         1196.6
crazy-climber  , 10780.5, 35829.4  ,        83940.2  ,       112363.3
demon-attack   , 152.1  ,  1971.0  ,        13003.9  ,        22773.5
freeway        , 0.0    ,    29.6  ,           21.8  ,            0.0
frostbite      , 65.2   ,  4334.7  ,          296.3  ,         1136.3
gopher         , 257.6  ,  2412.5  ,         3260.3  ,         3868.7
hero           , 1027.0 , 30826.4  ,         9315.9  ,         9705.0
jamesbond      , 29.0   ,   302.8  ,          517.0  ,          468.3
kangaroo       , 52.0   ,  3035.0  ,          724.1  ,         1886.7
krull          , 1598.0 ,  2665.5  ,         5663.3  ,         9080.0
kung-fu-master , 258.5  , 22736.3  ,        30944.8  ,        28883.3
ms-pacman      , 307.3  ,  6951.6  ,         1281.2  ,         2251.0
pong           , -20.7  ,    14.6  ,           20.1  ,           20.8
private-eye    , 24.9   , 69571.3  ,           96.7  ,           99.8
qbert          , 163.9  , 13455.0  ,        13781.9  ,        16058.3
road-runner    , 11.5   ,  7845.0  ,        17751.3  ,        27516.7
seaquest       , 68.4   , 42054.7  ,         1100.2  ,         1974.0
up-n-down      , 533.4  , 11693.2  ,        17264.2  ,        15224.3
normed-mean    , 0.000  ,     1.000,            1.945,            2.428
normed-median  , 0.000  ,     1.000,            1.090,            1.286
